nnet,tr_mean,tr_std,te_mean,te_std,mean_time,std_time,overfitting
BasicNN,3.5308,1.2344,14.707,7.2558,0.0044,0.002,11.176200000000001
RandomNN,2.2193,0.2403,2.2444,0.2847,0.014,0.0072,0.025100000000000122
AnnealedNN,4.8446,2.6289,6.2171,3.2155,0.0383,0.0209,1.3725000000000005
StrategyNN,1.9274,0.0382,1.9443,0.0708,56.121,1.896,0.016899999999999915
GeneticNN,1.7706,0.0879,1.8008,0.1156,74.1261,4.1588,0.030200000000000005
