nnet,tr_mean,tr_std,te_mean,te_std,mean_time,std_time,overfitting
BasicNN,1.9323,0.5499,343597395.5227,1169098928.1027,0.0076,0.002,343597393.59040004
RandomNN,1.4263,0.1566,1.4216,0.14300000000000002,0.0116,0.0034,0.0046999999999999265
AnnealedNN,2.5422,1.2506,3.5782,1.9731,0.0247,0.0046,1.036
StrategyNN,1.3871,0.1752,1.3954,0.189,3.7305,0.3475,0.008299999999999974
GeneticNN,1.0735,0.0849,1.0882,0.1008,5.0641,0.4147,0.014700000000000157
