nnet,tr_mean,tr_std,te_mean,te_std,mean_time,std_time,overfitting
BasicNN,4.9564,1.6237,10.7304,5.5823,0.0074,0.003,5.773999999999999
RandomNN,3.2758,0.642,3.3008,0.6663,0.0103,0.0028,0.025000000000000355
AnnealedNN,5.2811,2.5646,6.3615,3.1123,0.0237,0.0073,1.0804
StrategyNN,3.4624,0.8001,3.4728,0.815,4.4249,0.3621,0.010399999999999743
GeneticNN,2.2518,0.1002,2.2631,0.1573,6.1373,0.4725,0.01130000000000031
