nnet,tr_mean,tr_std,te_mean,te_std,mean_time,std_time,overfitting
BasicNN,3.1863,0.998,7.3872,3.6355,0.0038,0.0021,4.2009
RandomNN,2.2083,0.2203,2.2289,0.2745,0.0066,0.0017,0.02059999999999995
AnnealedNN,3.5871,1.7449,4.537,2.2067,0.0211,0.0018,0.9499
StrategyNN,2.1376,0.232,2.1284,0.2324,28.0844,1.7484,0.009199999999999875
GeneticNN,1.8557,0.0635,1.8763,0.0952,44.8121,4.0197,0.020600000000000174
