nnet,tr_mean,tr_std,te_mean,te_std,mean_time,std_time,overfitting
BasicNN,5.1149,1.7461,11.4326,5.5328,0.0072,0.0023,6.317700000000001
RandomNN,3.0094,0.4645,3.031,0.4898,0.0192,0.004,0.021600000000000286
AnnealedNN,6.2363,2.837,7.593,4.0991,0.0427,0.02,1.3567
StrategyNN,2.4157,0.234,2.4193,0.2381,16.6932,0.9361,0.0035999999999996035
GeneticNN,2.1577,0.0677,2.1908,0.1646,21.1277,1.3024,0.033099999999999685
